{"time_to_expiry":{"34":0.0531506849,"18":0.0531506849,"28":0.0531506849,"19":0.0531506849,"30":0.0531506849,"24":0.0531506849,"29":0.0531506849,"25":0.0531506849,"59":0.0531506849,"26":0.0531506849,"58":0.0531506849,"20":0.0531506849,"60":0.0531506849,"21":0.0531506849,"55":0.0531506849,"22":0.0531506849,"54":0.0531506849,"23":0.0531506849,"57":0.0531506849,"31":0.0531506849,"56":0.0531506849,"35":0.0531506849,"47":0.0531506849,"36":0.0531506849,"52":0.0531506849,"27":0.0531506849,"50":0.1265068493,"0":0.1265068493,"43":0.1265068493,"1":0.1265068493,"44":0.1265068493,"2":0.1265068493,"45":0.1265068493,"12":0.1265068493,"46":0.1265068493,"16":0.1265068493,"40":0.1265068493,"17":0.1265068493,"41":0.1265068493,"7":0.1265068493,"42":0.1265068493,"8":0.1265068493,"37":0.1265068493,"10":0.1265068493,"38":0.1265068493,"48":0.1265068493,"39":0.1265068493,"49":0.1265068493,"32":0.1265068493,"51":0.1265068493,"33":0.1265068493,"53":0.1265068493,"72":0.605,"3":0.605,"74":0.605,"4":0.605,"75":0.605,"5":0.605,"76":0.605,"6":0.605,"77":0.605,"9":0.605,"63":0.605,"11":0.605,"64":0.605,"13":0.605,"65":0.605,"14":0.605,"66":0.605,"15":0.605,"67":0.605,"69":0.605,"68":0.605,"70":0.605,"61":0.605,"71":0.605,"62":0.605,"73":0.605},"strike":{"34":150.0,"18":150.0,"28":155.0,"19":155.0,"30":160.0,"24":160.0,"29":165.0,"25":165.0,"59":170.0,"26":170.0,"58":175.0,"20":175.0,"60":180.0,"21":180.0,"55":185.0,"22":185.0,"54":190.0,"23":190.0,"57":195.0,"31":195.0,"56":200.0,"35":200.0,"47":205.0,"36":205.0,"52":210.0,"27":210.0,"50":150.0,"0":150.0,"43":155.0,"1":155.0,"44":160.0,"2":160.0,"45":165.0,"12":165.0,"46":170.0,"16":170.0,"40":175.0,"17":175.0,"41":180.0,"7":180.0,"42":185.0,"8":185.0,"37":190.0,"10":190.0,"38":195.0,"48":195.0,"39":200.0,"49":200.0,"32":205.0,"51":205.0,"33":210.0,"53":210.0,"72":150.0,"3":150.0,"74":155.0,"4":155.0,"75":160.0,"5":160.0,"76":165.0,"6":165.0,"77":170.0,"9":170.0,"63":175.0,"11":175.0,"64":180.0,"13":180.0,"65":185.0,"14":185.0,"66":190.0,"15":190.0,"67":195.0,"69":195.0,"68":200.0,"70":200.0,"61":205.0,"71":205.0,"62":210.0,"73":210.0},"kind":{"34":"CALL","18":"PUT","28":"CALL","19":"PUT","30":"CALL","24":"PUT","29":"CALL","25":"PUT","59":"CALL","26":"PUT","58":"CALL","20":"PUT","60":"CALL","21":"PUT","55":"CALL","22":"PUT","54":"CALL","23":"PUT","57":"CALL","31":"PUT","56":"CALL","35":"PUT","47":"CALL","36":"PUT","52":"CALL","27":"PUT","50":"CALL","0":"PUT","43":"CALL","1":"PUT","44":"CALL","2":"PUT","45":"CALL","12":"PUT","46":"CALL","16":"PUT","40":"CALL","17":"PUT","41":"CALL","7":"PUT","42":"CALL","8":"PUT","37":"CALL","10":"PUT","38":"CALL","48":"PUT","39":"CALL","49":"PUT","32":"CALL","51":"PUT","33":"CALL","53":"PUT","72":"CALL","3":"PUT","74":"CALL","4":"PUT","75":"CALL","5":"PUT","76":"CALL","6":"PUT","77":"CALL","9":"PUT","63":"CALL","11":"PUT","64":"CALL","13":"PUT","65":"CALL","14":"PUT","66":"CALL","15":"PUT","67":"CALL","69":"PUT","68":"CALL","70":"PUT","61":"CALL","71":"PUT","62":"CALL","73":"PUT"},"price":{"34":20.150374226,"18":0.090164223,"28":15.3565697201,"19":0.3324286754,"30":10.9173180499,"24":0.9593296307,"29":7.1147086707,"25":2.2450991362,"59":4.187016732,"26":4.4074226924,"58":2.2014582635,"20":7.4938640039,"60":1.0279218088,"21":11.3665038554,"55":0.4254082598,"22":15.7878386767,"54":0.1562171671,"23":20.5280303103,"57":0.0510637703,"31":25.4246110917,"56":0.0149244811,"35":30.3867333753,"47":0.0039204888,"36":35.3725916253,"52":0.0009307438,"27":40.3659546788,"50":20.2653399675,"0":0.2574284202,"43":15.6410033991,"1":0.68354301,"44":11.4476299229,"2":1.5412484566,"45":7.8831435773,"12":3.0187368871,"46":5.0763189619,"16":5.2452653966,"40":3.0436152895,"17":8.2439738209,"41":1.6948113349,"7":11.9294002574,"42":0.8757003542,"8":16.1464596743,"37":0.4200608914,"10":20.7242942352,"38":0.187364082,"48":25.5178650618,"39":0.0778951935,"49":30.4255746457,"32":0.0302717384,"51":35.3868965435,"33":0.0110317758,"53":40.3706497774,"72":22.7749202225,"3":1.8375041921,"74":18.8917808708,"4":2.9100843654,"75":15.3842340768,"5":4.368647704,"76":12.291542203,"6":6.2561267707,"77":9.6321393978,"9":8.5951313153,"63":7.4027204348,"11":11.3868370743,"64":5.580490768,"13":14.612787307,"65":4.1276634161,"14":18.2384640937,"66":2.9970066594,"15":22.2173242034,"67":2.1373274265,"69":26.494590476,"68":1.4980882642,"70":31.0110407613,"61":1.0327459727,"71":35.7074233284,"62":0.7007462509,"73":40.5294305008}}