{"time_to_expiry":{"34":0.0531506849,"18":0.0531506849,"28":0.0531506849,"19":0.0531506849,"30":0.0531506849,"24":0.0531506849,"29":0.0531506849,"25":0.0531506849,"59":0.0531506849,"26":0.0531506849,"58":0.0531506849,"20":0.0531506849,"60":0.0531506849,"21":0.0531506849,"55":0.0531506849,"22":0.0531506849,"54":0.0531506849,"23":0.0531506849,"57":0.0531506849,"31":0.0531506849,"56":0.0531506849,"35":0.0531506849,"47":0.0531506849,"36":0.0531506849,"52":0.0531506849,"27":0.0531506849,"50":0.1265068493,"0":0.1265068493,"43":0.1265068493,"1":0.1265068493,"44":0.1265068493,"2":0.1265068493,"45":0.1265068493,"12":0.1265068493,"46":0.1265068493,"16":0.1265068493,"40":0.1265068493,"17":0.1265068493,"41":0.1265068493,"7":0.1265068493,"42":0.1265068493,"8":0.1265068493,"37":0.1265068493,"10":0.1265068493,"38":0.1265068493,"48":0.1265068493,"39":0.1265068493,"49":0.1265068493,"32":0.1265068493,"51":0.1265068493,"33":0.1265068493,"53":0.1265068493,"72":0.605,"3":0.605,"74":0.605,"4":0.605,"75":0.605,"5":0.605,"76":0.605,"6":0.605,"77":0.605,"9":0.605,"63":0.605,"11":0.605,"64":0.605,"13":0.605,"65":0.605,"14":0.605,"66":0.605,"15":0.605,"67":0.605,"69":0.605,"68":0.605,"70":0.605,"61":0.605,"71":0.605,"62":0.605,"73":0.605},"strike":{"34":150.0,"18":150.0,"28":155.0,"19":155.0,"30":160.0,"24":160.0,"29":165.0,"25":165.0,"59":170.0,"26":170.0,"58":175.0,"20":175.0,"60":180.0,"21":180.0,"55":185.0,"22":185.0,"54":190.0,"23":190.0,"57":195.0,"31":195.0,"56":200.0,"35":200.0,"47":205.0,"36":205.0,"52":210.0,"27":210.0,"50":150.0,"0":150.0,"43":155.0,"1":155.0,"44":160.0,"2":160.0,"45":165.0,"12":165.0,"46":170.0,"16":170.0,"40":175.0,"17":175.0,"41":180.0,"7":180.0,"42":185.0,"8":185.0,"37":190.0,"10":190.0,"38":195.0,"48":195.0,"39":200.0,"49":200.0,"32":205.0,"51":205.0,"33":210.0,"53":210.0,"72":150.0,"3":150.0,"74":155.0,"4":155.0,"75":160.0,"5":160.0,"76":165.0,"6":165.0,"77":170.0,"9":170.0,"63":175.0,"11":175.0,"64":180.0,"13":180.0,"65":185.0,"14":185.0,"66":190.0,"15":190.0,"67":195.0,"69":195.0,"68":200.0,"70":200.0,"61":205.0,"71":205.0,"62":210.0,"73":210.0},"kind":{"34":"CALL","18":"PUT","28":"CALL","19":"PUT","30":"CALL","24":"PUT","29":"CALL","25":"PUT","59":"CALL","26":"PUT","58":"CALL","20":"PUT","60":"CALL","21":"PUT","55":"CALL","22":"PUT","54":"CALL","23":"PUT","57":"CALL","31":"PUT","56":"CALL","35":"PUT","47":"CALL","36":"PUT","52":"CALL","27":"PUT","50":"CALL","0":"PUT","43":"CALL","1":"PUT","44":"CALL","2":"PUT","45":"CALL","12":"PUT","46":"CALL","16":"PUT","40":"CALL","17":"PUT","41":"CALL","7":"PUT","42":"CALL","8":"PUT","37":"CALL","10":"PUT","38":"CALL","48":"PUT","39":"CALL","49":"PUT","32":"CALL","51":"PUT","33":"CALL","53":"PUT","72":"CALL","3":"PUT","74":"CALL","4":"PUT","75":"CALL","5":"PUT","76":"CALL","6":"PUT","77":"CALL","9":"PUT","63":"CALL","11":"PUT","64":"CALL","13":"PUT","65":"CALL","14":"PUT","66":"CALL","15":"PUT","67":"CALL","69":"PUT","68":"CALL","70":"PUT","61":"CALL","71":"PUT","62":"CALL","73":"PUT"},"price":{"34":20.9469191875,"18":1.0351530373,"28":16.7501045875,"19":1.9023748912,"30":12.9879722199,"24":3.2145380059,"29":9.7439106304,"25":5.0483678463,"59":7.0621528001,"26":7.4411019724,"58":4.9407485213,"20":10.3852168383,"60":3.3358627377,"21":13.8336664492,"55":2.1742809383,"22":17.7124737805,"54":1.3690608291,"23":21.9358016135,"57":0.8336260257,"31":26.4191916873,"56":0.4914691779,"35":31.088539689,"47":0.2809282735,"36":35.8843742531,"52":0.1559193241,"27":40.7623614889,"50":21.2828142935,"0":1.4829865122,"43":17.2290461506,"1":2.500626283,"44":13.6045594782,"2":3.9438279347,"45":10.4676612599,"12":5.865968529,"46":7.8435089012,"16":8.2899901096,"40":5.7226631207,"17":11.2066591815,"41":4.0662221058,"7":14.5787553274,"42":2.8150309727,"8":18.3492640179,"37":1.900011873,"10":22.4510132561,"38":1.2512887284,"48":26.8154989148,"39":0.8047852767,"49":31.3794928995,"32":0.5059970039,"51":36.0889695823,"33":0.3113184689,"53":40.9006067433,"72":24.1891088534,"3":4.2024259756,"74":20.7369882557,"4":5.7293693118,"75":17.605750171,"5":7.5803108125,"76":14.8037097239,"6":9.7645506457,"77":12.3297281733,"9":12.2817517886,"63":10.1739980839,"11":15.1228224114,"64":8.3194721765,"13":18.2713431754,"65":6.7436320379,"14":21.7052863801,"66":5.4203411226,"15":25.3987988243,"67":4.3215896654,"69":29.3238729604,"68":3.4190038806,"70":33.4517959147,"61":2.6850513613,"71":37.7543250756,"62":2.0939238625,"73":42.2045849393}}